{
	"id": "berlin_airlift",
	"title": "Airlift Scramble",
	"description": "Secure air corridors while ground routes are contested.",
	"preview_path": "res://campaigns/previews/berlin_airlift.png",
	"difficulty": 0,
	"map_position": [0.60, 0.30],
	"order": 0,
	"unit_points": 1250,
	"unit_slots": [
		{ "key": "COMPANY_HQ", "title": "Company HQ", "allowed_roles": ["HQ"] },
		{ "key": "PLT_1", "title": "1st Platoon (ALPHA)", "callsign": "ALPHA", "allowed_roles": ["INF", "MECH", "ARMOR", "SUPPORT"] },
		{ "key": "PLT_2", "title": "2nd Platoon (BRAVO)", "callsign": "BRAVO", "allowed_roles": ["INF", "MECH", "ARMOR", "SUPPORT"] },
		{ "key": "WEAPONS", "title": "Weapons (CHARLIE)", "callsign": "CHARLIE", "allowed_roles": ["SUPPORT"] }
	],
	"recruitable_units": [],
	"has_reserve_unit": true
}
