{
  "briefing": {
	"admin_logi": "test6",
	"execution": "test5",
	"id": "border_probe_brief",
	"intel_board": {
	  "board_texture_path": null,
	  "items": []
	},
	"mission": {
	  "objectives": [
		{
		  "id": "test_objective_1",
		  "score": 100,
		  "success": "This is test objective 1.",
		  "title": "Test Objective 1"
		},
		{
		  "id": "test_objective_2",
		  "score": 110,
		  "success": "This is test objective 2.",
		  "title": "Test Objective 2"
		}
	  ],
	  "statement": "test4"
	},
	"situation": {
	  "enemy": "test1",
	  "friendly": "test2",
	  "start_time": "",
	  "terrain": "test3",
	  "weather": ""
	},
	"title": "Border Probe Briefing"
  },
  "content": {
	"drawings": [],
	"tasks": [],
	"triggers": [
	  {
		"area_center_m": {
		  "x": 782.18798828125,
		  "y": 697.440002441406
		},
		"condition_expr": "true",
		"id": "TRG_1",
		"on_activate_expr": "print(\"active trigger\")\ncomplete_objective(\"test_objective_1\")\ncomplete_objective(\"test_objective_2\")",
		"on_deactivate_expr": "",
		"presence": 1,
		"require_duration_s": 0.0,
		"shape": 1,
		"size_m": {
		  "x": 200.0,
		  "y": 200.0
		},
		"synced_tasks": [],
		"synced_units": [],
		"title": "Trigger"
	  }
	],
	"units": [
	  {
		"affiliation": 1,
		"behaviour": 1,
		"callsign": "VICTOR",
		"combat_mode": 2,
		"id": "infantry_plt_1_1",
		"playable": false,
		"position": {
		  "x": 745.605834960938,
		  "y": 839.346618652344
		},
		"unit_id": "infantry_plt_1"
	  },
	  {
		"affiliation": 1,
		"behaviour": 1,
		"callsign": "BORIS",
		"combat_mode": 2,
		"id": "infantry_plt_2_1",
		"playable": false,
		"position": {
		  "x": 811.908325195313,
		  "y": 665.302612304688
		},
		"unit_id": "infantry_plt_2"
	  },
	  {
		"affiliation": 0,
		"behaviour": 1,
		"callsign": "DELTA",
		"combat_mode": 2,
		"id": "logistics_platoon_1_1",
		"playable": false,
		"position": {
		  "x": 892.714477539063,
		  "y": 107.947509765625
		},
		"unit_id": "logistics_platoon_1"
	  }
	]
  },
  "datetime": {
	"day": 11,
	"hour": 12,
	"minute": 0,
	"month": 9,
	"year": 1983
  },
  "description": "Soviet recon-in-force tests your line near Fulda.",
  "difficulty": 1,
  "id": "wg_border_probe",
  "map_position": {
	"x": 0.519999980926514,
	"y": 0.550000011920929
  },
  "preview_path": "res://campaigns/previews/wg_border_probe.png",
  "scenario_order": 0,
  "terrain_path": "res://campaigns/terrains/fulda_gap.tres",
  "title": "Border Probe",
  "units": {
	"unit_points": 1250,
	"unit_recruits_ids": [
	  "heavy_weapons_plt_1",
	  "logistics_platoon_1",
	  "infantry_plt_1",
      "infantry_plt_2"
	],
	"unit_reserves": [],
	"unit_slots": [
	  {
		"allowed_roles": [
		  "INF",
		  "MECH",
		  "ARMOR",
          "SUPPORT"
		],
		"callsign": "ALPHA",
		"key": "PLT_1",
		"start_position": {
		  "x": 496.141540527344,
		  "y": 120.085235595703
		},
		"title": "1st Platoon (ALPHA)"
	  },
	  {
		"allowed_roles": [
		  "INF",
		  "MECH",
		  "ARMOR",
          "SUPPORT"
		],
		"callsign": "BRAVO",
		"key": "PLT_2",
		"start_position": {
		  "x": 665.208923339844,
		  "y": 34.7615051269531
		},
		"title": "2nd Platoon (BRAVO)"
	  },
	  {
		"allowed_roles": [
          "SUPPORT"
		],
		"callsign": "CHARLIE",
		"key": "WEAPONS",
		"start_position": {
		  "x": 383.956665039063,
		  "y": 30.0213012695313
		},
		"title": "Weapons (CHARLIE)"
	  }
	]
  },
  "weather": {
	"fog_m": 8000.0,
	"rain": 0.0,
	"wind_dir": 0.0,
	"wind_speed_m": 0.5
  }
}
