{
	"id": "wg_exercise_reforger",
	"title": "Exercise Reforger 85'",
	"briefing": "wg_exercise_reforger_brief",
	"terrain": "",
	"description": "Annual NATO exercise held in West Germany.",
	"preview_path": "res://campaigns/previews/wg_exercise_reforger.png",
	"terrain_path": "res://campaigns/terrains/exercise_reforger.tres",
	"difficulty": 0,
	"map_position": [0.44, 0.40],
	"scenario_order": 0,
	"weather": {
			"rain": 0.0,
			"fog_m": 8000.0,
			"wind_dir": 0.0,
			"wind_speed_m": 0.5
	},
		"datetime": {
			"year": 1983, "month": 9, "day": 11, "hour": 12, "minute": 0
		},
	"units": {
		"unit_points": 1250,
		"unit_slots": [
			{ "key": "PLT_1", "title": "1st Platoon (ALPHA)", "callsign": "ALPHA", "allowed_roles": ["INF", "MECH", "ARMOR", "SUPPORT"] },
			{ "key": "PLT_2", "title": "2nd Platoon (BRAVO)", "callsign": "BRAVO", "allowed_roles": ["INF", "MECH", "ARMOR", "SUPPORT"] },
			{ "key": "WEAPONS", "title": "Weapons (CHARLIE)", "callsign": "CHARLIE", "allowed_roles": ["SUPPORT"] }
		],
		"unit_recruits_ids": [
			"heavy_weapons_plt_1",
			"logistics_platoon_1",
			"infantry_plt_1",
			"infantry_plt_2"
		]
	},
	"has_reserve_unit": true
}
